verlan_form,base_form,pos,etymology_text,gloss
babtou,toubab,noun,Verlan de toubab.,"Blanc, occidental."
balle-peau,peau de balle,pron,(verlan) Verlan de peau de balle.,Variante orthographique de ballepeau.
barjot,jobard,adj,"(verlan) Verlan de jobard. Le terme barjot (nom 1) ne semblant pas être attesté comme nom commun avant 1956 ^([1]), l’origine de son usage serait peut-être liée à l’amiral Pierre Barjot qui, chargé de la partie aéronavale durant la crise du canal de Suez, aurait accompli une action insensée permettant pourtant la réussite de la mission. référence nécessaire (résoudre le problème)",Se dit d’une personne folle ou qui prend des risques.
bebar,barbe,noun,(verlan) De barbe.,Variante orthographique de beubar.
bebon,bombe,noun,Verlan de bombe De bombe.,"Bombe (de peinture, lacrymogène, etc.)."
beteu,teub,noun,Reverlanisation de teub.,Variante de beuteu.
beu,herbe,noun,"(verlan) apocope de beuhère (prononcé \bø.ɛʁ\), verlan de herbe.",Cannabis sous forme de fleurs sèches.
beubar,barbe,noun,(verlan) De barbe.,Pilosité faciale développée.
beuher,herbe,noun,"(verlan) Verlan de herbe, → voir beu.",Inflorescences de cannabis.
beuj,jambe,noun,(verlan) De jambe. apocope de beujan,Jambe.
beuje,jambe,noun,"Apocope de beujam, verlan de jambe.",Jambe.
beur,arabe,noun,(verlan) Verlan de arabe.,Personne d’origine maghrébine.
beurette,beur,noun,Dérivé de beur (verlan) avec le suffixe -ette.,Femme française d’origine maghrébine.
beuteu,teub,noun,Reverlanisation de teub référence nécessaire (résoudre le problème).,Pénis ; verge.
bheu,herbe,noun,"De herbe, en verlan.","Herbe, cannabis."
bil-ka,kabyle,adj,"(verlan) Verlan de kabyle avec remplacement du ""y"" par un ""i"".",Kabyle.
bleta,table,noun,(verlan) Du nom table.,"Table, meuble de surface plane utilisé pour poser des objets ou plus particulièrement pour manger."
blèmepro,problème,noun,Verlan de problème de problème.,Problème ; souci ; difficulté.
bolos,lobos,noun,"Mot apparu dans la banlieue parisienne ((Val-de-Marne) ou (Seine-Saint-Denis)) dans les années 2000, d’origine incertaine : || espagnol bolo (« fou ») de l’argot de Tolède, soninké boros (« pigeon »), arabe référence nécessaire (résoudre le problème). || Le dictionnaire de la zone cite l’hypothèse du linguiste Jean-Pierre Goudaillier selon laquelle bolos serait le Verlan de lobos (« lobotomisés »). || Une autre hypothèse est l'évolution Verlan de salaud > (verlan) lauss > mon lauss > beau lauss > bolos, compte tenu de l'utilisation de mon lauss dès 1995 par Sté Strausz dans le refrain du titre de rap C'est la même histoire. || Origine inconnue, selon Alain Rey.","Client du marché noir, qui achète de la drogue à un dealer."
brolique,calibre,noun,"(verlan) Viendrait du verlan de calibre. En Verlan Calibre... Brelica... brelc... || Puis popularisé et utilisé par des rappeurs tels que Booba, Rohff, Tandem…","Arme de poing, revolver."
bédav,daube,verb,"Formé à partir du mot français bédo, lui-même verlan de « daube », pris dans le sens de haschisch de médiocre qualité, puis de haschisch sans connotation particulière. La terminaison en -av rappelle le romani, la langue des Roms dont s’inspire l’argot gitan, qui inspire lui-même l’argot des cités.",Fumer (en particulier fumer du haschisch ou de la marijuana).
bédo,daube,noun,"(verlan) Verlan de daube, bédo faisait référence à un joint de sav’ (savonnette), haschich de mauvaise qualité, très répandu dans les années 1990. C'est ce qu'on appelle un pétard. || Autre étymologie, défendue par le linguiste Jean-Pierre Goudaillier : emprunt au romani bédo (« truc », « machin »).",Morceau de haschisch.
béger,gerber,verb,(verlan) de gerber.,Vomir.
caillera,racaille,noun,(verlan) Verlan de racaille : \ʁa.kaj\ devenu \kaj.ʁa\.,Groupe de personnes considérées comme méprisables dans une population.
cainri,ricain,adj,(verlan) Verlan de ricain.,Américain.
chanmé,méchant, adj,"(verlan) De méchant, par antiphrase.","Remarquable et admirable, particulièrement agréable, génial."
charclo,clochard,noun,Verlan de clochard Verlan de clochard.,Clochard.
chelou,louche,adj,"(verlan) Verlan de louche, au sens de bizarre, par inversion des deux syllabes.","Bizarre, étrange, voire vraiment bizarre, très étrange."
chemo,moche,adj,(verlan) Verlan de moche.,Moche.
chepo,poche,noun,Verlan de poche.,Poche.
cheum,moche,adj,Verlan de moche.,Moche.
chichon,haschich,noun,"(verlan)Dérivé de chicha, avec le suffixe -on, verlan de haschich.",Variété de pâté de porc souvent mélangé à du canard.
chien d’la sseca,chien de la casse,noun,,Variante de chien de la casse.
chébran,branché,adj,(verlan) Verlan de branché.,Branché (surtout utilisé dans les années 1980 et 1990).
chéper,perché,adj,(verlan) De perché.,Sous l’emprise de psychotrope.
cimer,merci,intj,(verlan) Du mot français merci.,Merci.
comaque,comme ça,adj,(verlan) De l’occitan coma aquò (« comme ça »).,Comme ça.
comme as,comme ça,adv,"(verlan) Transformation de la locution comme ça en verlan, avec le ça \sa\ inversé en \as\.","Comme ça, ainsi."
céfran,français,noun,(verlan) Verlan de français.,Français (langue).
das,sida,noun,"Apocope de dassi, verlan de sida.",Sida.
dass,sida,name,(Sigle) Initiales de « Directeur des affaires sanitaires et sociales ». || (verlan) pour sida.,Directeur des affaires sanitaires et sociales.
ouf,fou,adj,"Composé de de et de ouf, verlan de fou.",Vraiment ; beaucoup ; bien.
despee,speed,adj,Verlan de l’anglais speed qui signifie « rapidement » .,"Pressé, qui n’a pas le temps."
diostu,studio,noun,(verlan) Verlan de studio.,Studio.
donf,fond,noun,(verlan) De fond.,Utilisé dans la locution à donf.
drauper,perdreau,noun,Inversion des syllabes de perdreau.,Policier.
dreu,poudre,noun,"(verlan) apocope de dreupou, verlan de poudre.",Héroïne.
dular,lardu,noun,(verlan) Verlan de lardu.,Policier.
duper,perdu,adj,(verlan) Verlan de perdu.,Perdu.
eins,seins,noun,(verlan) Verlan de seins.,Seins.
en scred,discret,adv,"(verlan) Composée d’en et du verlan scred, « discret ».",Discrètement.
feuge,juif,noun,(verlan) de Juif.,Juif.
feukeu,flic,noun,Reverlanisation de flic via keuf.,Flic.
ficha,afficher,verb,(verlan) De afficher.,Humilier publiquement.
fisha,affiché,adj,(verlan) De affiché.,"Affiché, généralement dans le cadre d'images de revenge porn."
fonbou,bouffon,noun,(verlan) de bouffon.,"Bouffon, personne ridicule."
foncedé,défoncé,adj,(verlan) de défoncé.,"Défoncé, drogué, stone."
galsen,Sénégal,adj,"(verlan) Verlan de Sénégal avec suppression du deuxième ""é""","Sénégal, Sénégalais."
genhar,argent,noun,Verlan de argent.,"Argent, sou."
golgo,gogol,noun,(verlan) Verlan de gogol.,Personne stupide ou pas très intelligente.
golmon,mongol,noun,Verlan de mongol.,"(Injurieux envers un groupe ethnique) Personne dénuée d'intelligence, de jugement, de bon sens."
golri,rigole,verb,"(verlan) De goleri, verlan de rigole. référence nécessaire (résoudre le problème)",Rigoler.
gova,vago,noun,(verlan) De vago.,Voiture.
guedin,dingue,noun,(verlan) Verlan de dingue.,Dingue ; tête brûlée.
gueush,schlague,noun,"De schlague, en verlan, avec une apocope.","Drogué, personne qui se drogue."
gueustri,string,noun,(verlan) De string.,String.
iech,chier,verb,(verlan) de chier.,Chier.
ienb,bien,adv,(verlan) de bien.,Bien.
iench,chien,noun,Verlan de chien.,Chien.
iencli,client,noun,(verlan) Verlan de client.,Client (généralement une personne qui achète de la drogue).
ive,vie,noun,Verlan de vie.,Vie.
ièp,pied,noun,(verlan) de pied.,Pied.
kainri,ricain,adj,"(verlan) Verlan de ricain, la présence du k se fait comme dans keuf, keum ou keus. référence nécessaire (résoudre le problème)",Américain.
karna,arnaque,verb,(verlan) Verlan de arnaque.,Arnaquer.
kassded,dédicace,noun,Verlan stylisé de dédicace.,Dédicace.
kaïra,caillera,noun,(verlan) → voir caillera.,Variante de caillera.
kebla,black,noun,"(verlan) Verlan du mot « black », désignant les personnes de couleur noire. Le mot « black » vient de l'anglais signifiant « noir ».",Noir (personne noire).
ken,niquer,verb,"(verlan) De niquer. apocope de kéni ou quéni. Sans rapport étymologique avec Ken, le compagnon de Barbie.","Niquer (au sens sexuel), faire l’amour."
keubla,black,noun,"(verlan) Terme dérivé de l'anglais ""black"" (« noir »).",Individu d’Afrique subsaharienne.
keuf,flic,noun,"Verlan de flic Apocope de keufli, du mot flic (mot d’argot pour policier) via la forme non apocopée keufli (parfois utilisée mais non lexicalisée).",Policier ; agent de police.
keum,mec,noun,(verlan) Verlan de mec.,Mec.
keupon,punk,noun,(verlan) Verlan de punk avec altération mécanique de la voyelle nasale et épenthèse.,Celui qui est punk.
keus,sac,noun,(verlan) De sac.,Unité de monnaie : dix francs ou euros. Argent.
keut,truc,noun,"(verlan) apocope de keutru, verlan de truc.",Truc.
kisdé,déguisé,noun,(verlan) De déguisé.,Policier en civil.
kom ass,comme ça,adv,(verlan) → voir comme as.,Variante orthographique de comme as.
kéblo,bloqué,adj,"(verlan) Verlan de bloqué, bloquer.",Bloqué.
képi,piquer,noun,"De l’allemand Käppi, diminutif de Kappe (« bonnet », « casquette »). || (Verbe) (verlan) Verlan de piquer","Sorte de coiffure semi-rigide, à fond plat, en drap, munie d’une visière, en usage dans certaines armées."
laisse béton,laisser tomber,verb,"(Verlan). Verlan de l’impératif singulier de l’expression laisser tomber. || Composé de laisser, tomber et béton.",Laisse tomber.
legeu,gueule,noun,De gueule.,Gueule.
lice-po,police,noun,(verlan) Verlan de police.,La police
lopsa,salope,adj,Forme au verlan de salope.,Qui inspire le dégoût et la répugnance.
loubard,balourd,noun,"(Verlan). De balourd, avec influence de loulou ^([1]), lui-même réduplication de loup, avec le suffixe -ard. || Le suffixe -ard pourrait ici provenir de l’abréviation de l’expression ""loulou de barrière"", barrière s’entendant des barrières de Paris, ouvrant sur ce qu’on appelait autrefois ""la zone"" (la zone non aedificandi des fortifications de Paris). En d’autres termes un loubard est un loulou de barrière, un loup (voyou) de la zone. référence nécessaire (résoudre le problème)","Jeune au comportement marginal, ressenti comme une menace, un danger et souvent effectivement délinquant."
ma legeu,gueule,noun,De ma gueule.,"Ma geule, mon pote, mec."
merdeuf,mère de famille,noun,"Apocope (verlan) de ""mère de famille"" (début du XXIème) dont la consonance évoque meuf (« femme ») en verlan.",Femme absorbée par son rôle de mère de famille.
mesper,sperme,noun,Verlanisation de sperme.,Sperme.
Meuda,Dam,name,(verlan) De Dam.,Amsterdam.
meuf,femme,noun,"(verlan) Verlan de femme, remonte au moins à 1984 (attesté dans le film À Nous les Garçons), à travers la forme meufa, elle-même existant en 1971 dans la chanson de Jacques Dutronc J’avais la cervelle qui faisait des vagues. référence nécessaire (résoudre le problème)",Individu de sexe ou genre féminin.
meugra,gramme,noun,(verlan).,Gramme.
mifa,famille,noun,(verlan) Verlan de famille.,"Famille, bande, clan."
millefa,famille,noun,Verlan de famille De famille.,"Famille, bande, clan."
méfu,fumer,verb,(verlan) Verlan de fumer.,Fumer.
nawak,portnawak,pron,"(verlan) Aphérèse de portnawak. Mot dérivé du verlan de n’importe quoi qui a donné portninwak \pɔʁt.nɛ̃.wak\, puis portnawak \pɔʁt.na.wak\ par substitution de la séquence \a.wa\ à la séquence \ɛ̃.wa\ étrangère à la langue française. || Son dérivé et synonyme n’importe nawak \nɛ̃.pɔʁt.na.wak\ suit la règle de la redondance expressive que l’on trouve, par exemple dans au jour d’aujourd’hui.","N’importe quoi, absurde, sans rapport, qui ne veut rien dire."
ndepso,pédé,noun,(verlan) Forme pidginisée du verlan dep lui-même issu de pédé.,Pédé.
ner-tour,tourner.,verb,(verlan) De tourner.,Tourner.
neurchi,chineur,noun,(verlan) De chineur en verlan.,Groupe Facebook dont les membres partagent des contenus humoristiques.
noich,chinois,noun,(verlan) Verlan de chinois ; apocope de noichi.,Chinois.
n’importe nawak,n’importe quoi,pron,"(verlan) Mot dérivé par redondance de portnawak (ou portninwak, qui a aussi évolué vers nawak), lui même verlan de n’importe quoi. Étymologiquement parlant, c’est une locution doublement redondante.","Nawak, n’importe quoi."
oim,moi,pron,(verlan) Verlan de moi.,Moi.
oinj,joint,noun,(verlan) Verlan de joint.,"Joint, cigarette de cannabis."
oit,toi,pron,(Verlan) Verlan de toi.,Toi.
ouej,jouer,verb,(verlan) De jouer.,Jouer.
oufissime,fou,adj,"(verlan) De ouf (verlan de « fou »), avec le suffixe -issime.",Extrêmement ouf ; complètement fou.
ouèj,jouer,verb,(verlan) De jouer.,Jouer.
painco,copain,noun,(verlan) de copain.,Copain.
pera,rap,noun,(verlan) Verlan de rap.,Rap (style musical).
peta,taper,verb,(verlan) de taper.,Voler (quelque chose).
peufra,frappe,noun,(verlan) → voir frappe,Catégorie supérieure de résine de cannabis.
pineco,copine,noun,Verlan de copine de copine.,Copine.
portenawak,n’importe quoi,pron,(verlan) Verlan de n’importe quoi : n’importe quoi > nin-porte k-oi > porte-nin oi-k (porteninwak) > porte-na wa-k (portenawak).,N’importe quoi.
pécho,choper,verb,(verlan) Verlan de choper (« attraper »).,Attraper ; avoir.
pépom,pomper,verb,(verlan) Du verbe pomper.,Administrer une fellation ; gamahucher un pénis.
péta,taper,verb,(verlan) de taper.,Voler (quelque chose).
quetru,truc,noun,(verlan) De truc.,Truc.
québlo,bloqué,adj,(verlan) de bloqué.,Bloqué.
quécro,croquer,verb,(verlan) De croquer.,Faire l’amour.
rabza,zarabe,adj,(verlan) De Zarabe.,Arabe.
rainter,terrain,noun,(verlan) De terrain.,Terrain.
ratpi,pirate,noun,(verlan) de pirate.,Pirate.
rebeu,beur,noun,"Construction par reverlanisation de beur (\bœʁ\ qui a donné en verlan \ʁə.bø\ en ajoutant un \ə\ pour l’euphonie), désignant les descendants des immigrants maghrébins en France. C'est une reverlanisation (ou « double verlan ») car le mot beur est lui-même un verlan du mot arabe. En verlan, une expression ne correspond pas toujours à la stricte inversion du mot original. Ici, l’expression be-ara a été rapidement contractée et adoptée sous la forme beur, en supprimant, cette fois-ci, la dernière syllabe pour l’euphonie. || Une autre hypothèse populaire serait que le mot viendrait de l’apocope de ressortissant arabe, similairement à l’expression rital qui viendrait de ressortissant italien, mais rien ne vient l’étayer.",Jeune d’origine maghrébine.
rebiche,bière,noun,(verlan) de bière avec le suffixe -iche.,Bière.
refrè,frère,noun,(verlan) de frère.,Frère.
relou,lourd,adj,"Verlan de lourd (\luʁ\) par inversion du son \lu\ et du son \ʁ\ auquel est rajouté un « e » \ə\ pour le rendre euphonique. Le sens de lourd est celui de « pesant », en parlant de la présence d’une personne.","Irritant ou frustrant, en parlant notamment d’une personne."
remps,parents,noun,"(verlan) apocope de ranpa, de Verlan de parents.",Parents.
renoi,noir,noun,(verlan) de Noir.,"Noir, personne ayant la peau noire."
resta,star de star,noun,Verlan de star de star.,Star.
reubeu,beur,noun,"Construction par reverlanisation de beur, lui même d’arabe.",Variante orthographique de rebeu
reubeue,arabe,noun,"Reverlanisation de beur, verlan de arabe.",Variante orthographique de rebeue
reuch,cher,adj,,Cher.
reuf,frère,noun,"(verlan) Mot formé par apocope de reufré, verlan de frère.",Frère.
reum,mère,noun,"Apocope de reumé, Verlan de mère.",Mère.
reup,père,noun,"(verlan) de père, la forme apocopée reupé parfois utilisée.",Père.
reuss,sœur,noun,Verlan de sœur de sœur.,Sœur.
reusta,star,noun,(verlan) de star.,Variante de resta.
Ripa,Paris,name,(verlan) de la prononciation du mot Paris,Paris.
ripou,pourri,noun,(verlan) de pourri.,Personnage corrompu.
ripoublicain,républicain,noun,"Calque de républicain à partir de ripou, (Verlan) de pourri. référence nécessaire (résoudre le problème)",Homme politique corrompu ou dont l’intégrité est remise en cause.
ripoue,femme,noun,,Femme corrompue.
ripouser,pourri,verb,"De ripoux, (Verlan) de pourri.","Rendre ripoux, pourri."
Rispa,Paris,name,(verlan) de Paris,Paris.
rosta,roster,verb,,Troisième personne du singulier du passé simple de roster.
rébou,bourré,adj,(verlan) De l’adjectif bourré.,"Bourré, ivre, qui a le cerveau troublé par l’effet de boissons alcoolisées."
scalpa,scalper,verb,,Troisième personne du singulier du passé simple de scalper.
scred,discret,adj,"(verlan) par apocope de scrédi, verlan de discret.",Discret.
scud,disque,noun,(verlan) Verlan de disque.,Disque musical. Album.
sema,masse,noun,De français masse Verlan de masse.,Personne physiquement imposante.
seuf,fesse,noun,(verlan) fesse > fé-seu > seu-fé (seufé) > seu-f (seuf) > seu-feu > feu-sseu (feusseu) > feu-sse (feusse) > feu-ss (feuss).,Fesse.
skeud,disque,noun,(verlan) Verlan de disque.,Disque.
sonpri,prison,noun,(verlan) De prison.,Variante orthographique de zonpri.
squeud,disque,noun,Verlan (avec apocope) de disque. (verlan),"Disque musical, disque vinyle ou disque compact. Album, y compris au format numérique."
stachemou,moustache,noun,(verlan) de moustache.,Moustache.
stoc,mastoc,adj,"Apocope de stocma, Verlan de mastoc.","Mastoc, ayant une carrure imposante."
streum,monstre,noun,"(verlan) apocope de streumon/stremon, Verlan de monstre.",Monstre.
sépo,posé,adj,Verlan de posé.,"Posé, dans le sens de quelqu’un qui est dans une ambiance, un moment détendu."
tainpu,putain,noun,(verlan) de putain.,"putain, salope."
tarba,bâtard,noun,(verlan) Verlan de bâtard.,Bâtard.
tarpé,pétard,noun,(verlan) Verlan de pétard.,"Cigarette contenant du cannabis souvent mélangé à du tabac. Ce terme s’apparente plus spécialement aux cigarettes de cannabis sous forme d’herbe dont la présence de petites tiges et de feuilles produit des crépitements et de petits éclats en brûlant. Quand le cannabis est associé au tabac dans une cigarette, on parle de joint."
taspé,pétasse,noun,(verlan) Verlan de pétasse.,Variante orthographique de tassepé.
tassepé,pétasse,noun,(verlan) Verlan de pétasse.,"Prostituée, fille d’un mauvais genre, femme désagréable, Fille d'allure vulgaire, aguicheuse."
tebé,bête,adj,Verlan de bête Verlan de « bête ».,Bête.
techa,chatte,noun,Verlan de chatte.,Sexe des femmes.
tehon,honte,noun,(verlan) Verlan de honte.,Honte.
tej,jeter,verb,Verlan de jeter.,Jeter.
tepo,pote,noun,Verlan de pote De pote.,"Ami, copain."
tepu,pute,noun,(verlan) Du nom pute.,Pute.
teshmi,schmitt,noun,(verlan) De schmitt.,Policier.
teu-cha,teucha,noun,(Verlan) → voir teucha.,Variante de teucha.
teub,bite,noun,"Verlan de bite de bite (mot d’argot pour pénis). La forme non apocopée, teubi, est plus rare.",Pénis ; verge.
teube,bête,noun,(verlan) Verlan de « bête » et de « bite ».,Pénis ; verge.
teuch,chatte,noun,"Verlan du mot chatte (mot d’argot pour vulve). La forme non apocopée, teucha, est plus rare.",Vulve.
teuchi,shit,noun,Verlan de shit.,Résine de cannabis ; haschich.
teuf,fête,noun,"(verlan) (XXᵉ siècle) référence nécessaire (résoudre le problème) Par apocope de teufé, verlan de fête. || Mot apparu vers le milieu des années 1960 avec le développement du verlan en France. référence nécessaire (résoudre le problème)",Fête.
tiek,quartier,noun,(verlan) Apocope d’une des variations du verlan de quartier.,Zone périurbaine où vivent les classes populaires.
tiep,pitié,noun,"(verlan) Apocope de tiépi, verlan de pitié.",Pitié.
tier-quar,quartier,noun,(verlan) Verlan de quartier.,Variante orthographique de tierquar.
tiép,pitié,noun,"(verlan) Apocope de tiépi, verlan de pitié.",Pitié.
tiéquar,quartier,noun,(verlan) Verlan de quartier.,"Quartier, zone périurbaine où vivent les classes populaires."
toncar,carton,noun,(verlan) de carton.,Petit morceau de carton roulé en cylindre et déposé à l'extrémité d'une feuille à rouler lors de la confection d'un joint.
tosma,matos,noun,(verlan) De matos.,Matériel.
treuf,foutre,verb,"(verlan) Apocope de treufou /trœ.fu/, verlan de foutre.","foutre, faire."
tromé,métro,noun,(verlan) De métro.,Métro.
turfu,futur,noun,(verlan) Du mot français futur.,Futur.
tèj,jeter,verb,Verlan de jeter.,"Jeter (au sens de repousser, rejeter)."
té-cla,Éclater,verb,,Éclater.
téci,cité,noun,(Verlan) De cité.,Cité ; quartier d’habitation populaire.
técla,Éclater,verb,,Éclater.
téco,côté,noun,(verlan) Verlan de côté.,Côté.
télo,hôtel,noun,(verlan) Hôtel.,Hôtel.
téma,mater,verb,(Verlan) Verlan de mater.,"Mater, regarder."
témater,mater,verb,Verlan de mater avec le suffixe -er.,"Mater, regarder."
uc,cul,noun,(verlan) Verlan de cul.,Cul.
varcreu,crevard,noun,(verlan) Verlan de crevard.,Crevard.
verlan,l’envers,noun,"De verlan (« à l’envers »), inversion phonétique des syllabes de « l’envers » et remplacement graphique du second « e » par un « a ».","Argot français consistant à inverser les syllabes ou les sons d’un mot, avec restauration phonétique et graphique des « e » disparus, accompagnée de changement de timbre de ces « e »."
veski,esquiver,verb,(verlan) De esquiver.,Variante de vesqui.
veuch,cheveu,noun,(verlan) De cheveu.,Cheveux.
veul,l’envers,noun,Reverlanisation de l’envers (via verlan).,Synonyme de reverlanisation.
visser,servir,verb,(Fixer avec une vis) Dénominal de vis. || (Servir) Verlan de servir.,"Attacher, fixer avec des vis."
vénère,énervé,adj,(verlan) Verlan de énervé.,Énervé ; en colère.
wam,moi,pron,(verlan) Verlan de moi.,Moi.
yavbou,bouillaver,verb,Verlan de bouillaver.,Bouillaver.
yencli,client,noun,(verlan) De client.,Forme alternative de iencli.
yeuve,vieille,noun,(verlan) De vieille.,Femme âgée ou homme vieux.
yeuz,yeux,noun,(verlan) De yeux.,Yeux.
youv,voyou,noun,"(verlan) Apocope de youvoi, verlan de voyou.",Voyou.
zarb,bizarre,noun,"  || (Adjectif) (verlan) Apocope de zarbi, verlan de bizarre.","Instrument de percussion digitale originaire d’Iran, composé d’une seule pièce de bois creuse de forme cylindrique dont l’ouverture est fermée par une peau tendue."
zarbi,bizarre,adj,(verlan) Verlan du mot français bizarre par inversion des deux syllabes.,"Bizarre, étrange."
zedou,douze,noun,(verlan) De douze.,Portion de haschisch de 12 g.
zen,nez,noun,Verlan de nez.,Nez.
zepo,posé,adj,Verlan de posé.,"Posé, dans le sens de quelqu’un qui est dans une ambiance, un moment détendu."
zermi,misère,noun,(verlan) Verlan de misère.,Misère.
zerver,verser,verb,"(verlan) Verlan de verser (des larmes). C’est l’un des premiers mots en verlan, attesté en 1596 dans La Vie genereuse des Mercelots, Gueuz et Boesmiens : attrimions l’ornie sans zerver, et la goussions ou fouquions pour de l’aubert.","Pleurer, crier."
zicmu,musique,noun,(verlan) Verlan de musique.,Musique.
zient,tunisien,adj,"(verlan) De sientuni, verlan de tunisien avec remplacement du s par le z et suppression du ""uni"".",Tunisien.
zinc,cousin,noun,"Verlan de cousin apocope de zincou, verlan de cousin.","Zincou, mec, copain."
zique,musique,noun,"Aphérèse de musique, référence nécessaire (résoudre le problème) (verlan), apocope de zicmu. référence nécessaire (résoudre le problème)",", Musique."
ziva,vas-y,noun,Du verlan de vas-y.,Voyou de petite envergure.
zizique,musique,noun,(verlan) de musique : apocope de zicmu.,Musique.
zonpri,prison,noun,(verlan) De prison.,Prison.
zy-va,vas-y,intj,"(verlan) Verlan de vas-y, en inversant les deux syllabes \va\ et \zi\.","Exclamation signifiant « Fais-le toi-même », ou encore « Ne viens pas m’ennuyer avec tes histoires »."
zyva,vas-y,intj,"(verlan) Verlan de vas-y, en inversant les deux syllabes \va\ et \zi\.","Exclamation polysémique qui exprime de la surprise, de l'agacement ou du mépris."
à donf,à fond,adv,Verlan de à fond.,À fond ; à la plus grande vitesse.
à oualp,à poil,adj,(Verlan) de à poil.,À poil.
à tôbien,à bientôt,intj,(verlan) de à bientôt. référence nécessaire (résoudre le problème),À bientôt.
à walpé,à poil,adj,(verlan) de à poil,"À poil, tout nu."
ça comme,comme ça,adv,Verlan de comme ça.,Comme ça.
